{
  "summary": {
    "RECOMMENDATION": "SELL",
    "BUY": 5,
    "SELL": 13,
    "NEUTRAL": 8
  },
  "time": "2021-03-13T14:47:22.461498",
  "oscillators": {
    "RECOMMENDATION": "NEUTRAL",
    "BUY": 1,
    "SELL": 3,
    "NEUTRAL": 7,
    "COMPUTE": {
      "RSI": "NEUTRAL",
      "STOCH.K": "NEUTRAL",
      "CCI": "BUY",
      "ADX": "NEUTRAL",
      "AO": "SELL",
      "Mom": "SELL",
      "MACD": "SELL",
      "Stoch.RSI": "NEUTRAL",
      "W%R": "NEUTRAL",
      "BBP": "NEUTRAL",
      "UO": "NEUTRAL"
    }
  },
  "moving_averages": {
    "RECOMMENDATION": "SELL",
    "BUY": 4,
    "SELL": 10,
    "NEUTRAL": 1,
    "COMPUTE": {
      "EMA10": "SELL",
      "SMA10": "SELL",
      "EMA20": "SELL",
      "SMA20": "SELL",
      "EMA30": "SELL",
      "SMA30": "SELL",
      "EMA50": "SELL",
      "SMA50": "SELL",
      "EMA100": "BUY",
      "SMA100": "BUY",
      "EMA200": "BUY",
      "SMA200": "SELL",
      "Ichimoku": "NEUTRAL",
      "VWMA": "SELL",
      "HullMA": "BUY"
    }
  },
  "indicators": {
    "Recommend.Other": 0,
    "Recommend.All": -0.2,
    "Recommend.MA": -0.4,
    "RSI": 37.88679917,
    "RSI[1]": 37.88679917,
    "Stoch.K": 12.6742325,
    "Stoch.D": 14.11719641,
    "Stoch.K[1]": 12.22736931,
    "Stoch.D[1]": 17.97950492,
    "CCI20": -176.62237171,
    "CCI20[1]": -212.23266001,
    "ADX": 23.30654587,
    "ADX+DI": 18.92443259,
    "ADX-DI": 35.45706848,
    "ADX+DI[1]": 18.92443259,
    "ADX-DI[1]": 35.45706848,
    "AO": -0.42468324,
    "AO[1]": -0.15564853,
    "Mom": -1.987,
    "Mom[1]": -1.6953,
    "MACD.macd": -0.03074516,
    "MACD.signal": 0.20599275,
    "Rec.Stoch.RSI": 0,
    "Stoch.RSI.K": 0,
    "Rec.WR": 0,
    "W.R": -91.66302924,
    "Rec.BBPower": 0,
    "BBPower": -1.62077608,
    "Rec.UO": 0,
    "UO": 41.03134285,
    "close": 277.9,
    "EMA5": 278.28342806,
    "SMA5": 278.3513,
    "EMA10": 278.61680152,
    "SMA10": 278.86011,
    "EMA20": 278.76640175,
    "SMA20": 279.01847,
    "EMA30": 278.65763703,
    "SMA30": 278.95486667,
    "EMA50": 278.30254761,
    "SMA50": 278.3353,
    "EMA100": 277.82193847,
    "SMA100": 276.9434,
    "EMA200": 277.17288873,
    "SMA200": 278.163931,
    "Rec.Ichimoku": 0,
    "Ichimoku.BLine": 278.8545,
    "Rec.VWMA": -1,
    "VWMA": 279.07329934,
    "Rec.HullMA9": 1,
    "HullMA9": 277.81916444,
    "Pivot.M.Classic.S3": 182.2814,
    "Pivot.M.Classic.S2": 224.9121,
    "Pivot.M.Classic.S1": 243.9856,
    "Pivot.M.Classic.Middle": 267.5428,
    "Pivot.M.Classic.R1": 286.6163,
    "Pivot.M.Classic.R2": 310.1735,
    "Pivot.M.Classic.R3": 352.8042,
    "Pivot.M.Fibonacci.S3": 224.9121,
    "Pivot.M.Fibonacci.S2": 241.1970274,
    "Pivot.M.Fibonacci.S1": 251.2578726,
    "Pivot.M.Fibonacci.Middle": 267.5428,
    "Pivot.M.Fibonacci.R1": 283.8277274,
    "Pivot.M.Fibonacci.R2": 293.8885726,
    "Pivot.M.Fibonacci.R3": 310.1735,
    "Pivot.M.Camarilla.S3": 251.3356575,
    "Pivot.M.Camarilla.S2": 255.24347167,
    "Pivot.M.Camarilla.S1": 259.15128583,
    "Pivot.M.Camarilla.Middle": 267.5428,
    "Pivot.M.Camarilla.R1": 266.96691417,
    "Pivot.M.Camarilla.R2": 270.87472833,
    "Pivot.M.Camarilla.R3": 274.7825425,
    "Pivot.M.Woodie.S3": 199.16155,
    "Pivot.M.Woodie.S2": 223.815425,
    "Pivot.M.Woodie.S1": 241.79225,
    "Pivot.M.Woodie.Middle": 266.446125,
    "Pivot.M.Woodie.R1": 284.42295,
    "Pivot.M.Woodie.R2": 309.076825,
    "Pivot.M.Woodie.R3": 327.05365,
    "Pivot.M.Demark.S1": 234.44885,
    "Pivot.M.Demark.Middle": 262.774425,
    "Pivot.M.Demark.R1": 277.07955,
    "open": 277.9,
    "P.SAR": 279.60952423
  }
}